{
  "name": "marks-motm-maps",
  "title": "Mark's Mark of the Mantis Maps",
  "description": "Maps for Mark of the Mantis, the PF2E standalone adventure - redone.  Assets by Forgottten-Adventures.net and Tom Cartos.",
  "version": "1.0.3",
  "author": "Mark Pearce",
  "minimumCoreVersion": "0.8.6",
  "compatibleCoreVersion": "9",
  "packs": [
    {
      "name": "marks-motm-maps",
      "label": "Mark's MotM Maps",
      "path": "./packs/marks-motm-maps.db",
      "entity": "Scene",
      "type": "Scene"
    }
  ],
  "manifest": "https://github.com/MarkPearce/marks-motm-maps/releases/download/latest/module.json",
  "download": "https://github.com/MarkPearce/marks-motm-maps/releases/download/1.0.3/MMotMM.zip"
}
